Computer Name,Software Name,Software Version,Software Installed Date
02-1818,Trend Micro Apex One Security Agent,14.0.9390,"Mar 31, 2021"
02-1818,Trend Micro OfficeScan Agent,14.0.9390,"Oct 31, 2018"
20-0002,Trend Micro Apex One Security Agent,14.0.9390,"Nov 12, 2018"
20-0008,Trend Micro Apex One Security Agent,14.0.9390,"Mar 31, 2021"
20-0008,Trend Micro OfficeScan Agent,14.0.9390,"Oct 26, 2018"
40-0049,Trend Micro Apex One Security Agent,14.0.8515,"Jul 14, 2020"
40-0049,Trend Micro OfficeScan Agent,14.0.8515,"Jun 22, 2017"
40-0146,Trend Micro Apex One Security Agent,14.0.6850,"Mar 16, 2020"
40-0146,Trend Micro Security Agent,14.0.6850,"Feb 4, 2020"
40-0150,Trend Micro OfficeScan Agent,14.0.9390,"Oct 11, 2019"
40-0150,Trend Micro Apex One Security Agent,14.0.9390,"Feb 13, 2020"
40-0152,Trend Micro Apex One Security Agent,14.0.9390,"Mar 31, 2021"
40-0152,Trend Micro OfficeScan Agent,14.0.9390,"Oct 1, 2019"
40-0157,Trend Micro Apex One Security Agent,14.0.9324,"Feb 10, 2021"
40-0157,Trend Micro OfficeScan Agent,14.0.9324,"Oct 16, 2019"
40-0158,Trend Micro OfficeScan Agent,12.0.5431,"Jul 12, 2017"
40-0161,Trend Micro Apex One Security Agent,14.0.9390,"Feb 23, 2020"
40-0162,Trend Micro Apex One Security Agent,14.0.9390,"Mar 4, 2020"
40-0164,Trend Micro Apex One Security Agent,14.0.9390,"Feb 19, 2020"
40-0169,Trend Micro Apex One Security Agent,14.0.9390,"Mar 1, 2020"
40-0169,Trend Micro OfficeScan Agent,14.0.9390,"Sep 30, 2019"
40-0172,Trend Micro Apex One Security Agent,14.0.9390,"Mar 31, 2021"
40-0172,Trend Micro OfficeScan Agent,14.0.9390,"Jan 7, 2020"
40-0173,Trend Micro Apex One Security Agent,14.0.9390,"Mar 13, 2020"
40-0173,Trend Micro OfficeScan Agent,14.0.9390,"Oct 1, 2019"
40-0176,Trend Micro Apex One Security Agent,14.0.9390,"Mar 5, 2020"
40-0178,Trend Micro Apex One Security Agent,14.0.9390,"Feb 12, 2020"
40-0178,Trend Micro OfficeScan Agent,14.0.9390,"Oct 3, 2019"
40-0181,Trend Micro Apex One Security Agent,14.0.9390,"Feb 18, 2020"
40-0181,Trend Micro OfficeScan Agent,14.0.9390,"Sep 23, 2019"
40-0182,Trend Micro Apex One Security Agent,14.0.9390,"Nov 9, 2020"
40-0183,Trend Micro Apex One Security Agent,14.0.9233,"Dec 9, 2020"
40-0183,Trend Micro Security Agent,14.0.9233,"Feb 25, 2020"
40-0184,Trend Micro OfficeScan Agent,12.0.5431,"Feb 22, 2017"
40-0185,Trend Micro Apex One Security Agent,14.0.9043,"Oct 28, 2020"
40-0185,Trend Micro OfficeScan Agent,14.0.9043,"Nov 22, 2019"
40-0186,Trend Micro OfficeScan Agent,12.0.5431,"Sep 23, 2019"
40-0187,Trend Micro Apex One Security Agent,14.0.6850,"Feb 26, 2020"
40-0187,Trend Micro OfficeScan Agent,14.0.6850,"Nov 8, 2019"
40-0189,Trend Micro Apex One Security Agent,14.0.9390,"Mar 30, 2021"
40-0190,Trend Micro Apex One Security Agent,14.0.9390,"Mar 31, 2021"
40-0190,Trend Micro OfficeScan Agent,14.0.9390,"Mar 30, 2017"
40-0192,Trend Micro Apex One Security Agent,14.0.8515,"Jul 15, 2020"
40-0192,Trend Micro OfficeScan Agent,14.0.8515,"Oct 2, 2019"
40-0192,Trend Micro Security Agent,14.0.8515,"Feb 11, 2020"
40-0193,Trend Micro Apex One Security Agent,14.0.9390,"Jul 8, 2020"
40-0195,Trend Micro Apex One Security Agent,14.0.9324,"Feb 2, 2021"
40-0195,Trend Micro OfficeScan Agent,14.0.9324,"Oct 1, 2019"
40-0195,Trend Micro Security Agent,14.0.9324,"Feb 14, 2020"
40-0196,Trend Micro OfficeScan Agent,12.0.5383,"Jul 16, 2019"
40-0197,Trend Micro Apex One Security Agent,14.0.9390,"Mar 31, 2021"
40-0197,Trend Micro OfficeScan Agent,14.0.9390,"Nov 12, 2019"
40-0198,Trend Micro Apex One Security Agent,14.0.9324,"Mar 16, 2021"
40-0199,Trend Micro Apex One Security Agent,14.0.6850,"Feb 25, 2020"
40-0199,Trend Micro OfficeScan Agent,14.0.6850,"Sep 6, 2017"
40-0200,Trend Micro Apex One Security Agent,14.0.8944,"Sep 23, 2020"
40-0200,Trend Micro Security Agent,14.0.8944,"Feb 11, 2020"
40-0200,Trend Micro OfficeScan Agent,14.0.8944,"Sep 23, 2019"
40-0201,Trend Micro Apex One Security Agent,14.0.9324,"Feb 1, 2021"
40-0201,Trend Micro OfficeScan Agent,14.0.9324,"Aug 21, 2019"
40-0201,Trend Micro Security Agent,14.0.9324,"Feb 25, 2020"
40-0202,Trend Micro Apex One Security Agent,14.0.9390,"Mar 31, 2021"
40-0202,Trend Micro OfficeScan Agent,14.0.9390,"Dec 3, 2019"
40-0203,Trend Micro Apex One Security Agent,14.0.9390,"Jan 24, 2021"
40-0204,Trend Micro Apex One Security Agent,14.0.9390,"Mar 31, 2021"
40-0204,Trend Micro OfficeScan Agent,14.0.9390,"Nov 7, 2019"
40-0205,Trend Micro Apex One Security Agent,14.0.9324,"Jan 27, 2021"
40-0205,Trend Micro OfficeScan Agent,14.0.9324,"Sep 26, 2017"
40-0206,Trend Micro OfficeScan Agent,12.0.5294,"Apr 26, 2019"
40-0219,Trend Micro Apex One Security Agent,14.0.9390,"Jan 27, 2020"
40-0219,Trend Micro OfficeScan Agent,14.0.9390,"Sep 24, 2019"
40-0220,Trend Micro Apex One Security Agent,14.0.9390,"Apr 5, 2021"
40-0220,Trend Micro OfficeScan Agent,14.0.9390,"Sep 25, 2019"
40-0221,Trend Micro Apex One Security Agent,14.0.9390,"Feb 12, 2020"
40-0222,Trend Micro Apex One Security Agent,14.0.9390,"Feb 20, 2020"
40-0223,Trend Micro Apex One Security Agent,14.0.9390,"Jan 28, 2020"
40-0223,Trend Micro OfficeScan Agent,14.0.9390,"Dec 11, 2019"
40-0224,Trend Micro Apex One Security Agent,14.0.9390,"Mar 16, 2021"
40-0225,Trend Micro Apex One Security Agent,14.0.8515,"Jul 15, 2020"
40-0225,Trend Micro OfficeScan Agent,14.0.8515,"Mar 15, 2018"
40-0227,Trend Micro Apex One Security Agent,14.0.9390,"Sep 16, 2020"
40-0228,Trend Micro Apex One Security Agent,14.0.9390,"Mar 31, 2021"
40-0228,Trend Micro OfficeScan Agent,14.0.9390,"Oct 24, 2018"
40-0229,Trend Micro Apex One Security Agent,14.0.9390,"Jan 26, 2020"
40-0230,Trend Micro Apex One Security Agent,14.0.9043,"Nov 4, 2020"
40-0230,Trend Micro OfficeScan Agent,14.0.9043,"May 11, 2018"
40-0231,Trend Micro Apex One Security Agent,14.0.9324,"Feb 2, 2021"
40-0231,Trend Micro OfficeScan Agent,14.0.9324,"Sep 30, 2019"
40-0232,Trend Micro Apex One Security Agent,14.0.9390,"Mar 31, 2021"
40-0232,Trend Micro OfficeScan Agent,14.0.9390,"Jun 13, 2018"
40-0233,Trend Micro Apex One Security Agent,14.0.9390,"Mar 31, 2021"
40-0233,Trend Micro OfficeScan Agent,14.0.9390,"Jun 13, 2018"
40-0234,Trend Micro Apex One Security Agent,14.0.9390,"Aug 17, 2020"
40-0235,Trend Micro Apex One Security Agent,14.0.9390,"Mar 31, 2021"
40-0235,Trend Micro OfficeScan Agent,14.0.9390,"Jul 9, 2018"
40-0237,Trend Micro Apex One Security Agent,14.0.9390,"Feb 18, 2020"
40-0237,Trend Micro OfficeScan Agent,14.0.9390,"Oct 8, 2019"
40-0238,Trend Micro Apex One Security Agent,14.0.9390,"Mar 11, 2020"
40-0239,Trend Micro Apex One Security Agent,14.0.9324,"Jan 26, 2021"
40-0239,Trend Micro OfficeScan Agent,14.0.9324,"Jul 24, 2018"
40-0240,Trend Micro Apex One Security Agent,14.0.9390,"Mar 31, 2021"
40-0240,Trend Micro OfficeScan Agent,14.0.9390,"Oct 1, 2019"
40-0241,Trend Micro Apex One Security Agent,14.0.9390,"Nov 9, 2020"
40-0242,Trend Micro Apex One Security Agent,14.0.9390,"Sep 11, 2020"
40-0243,Trend Micro OfficeScan Agent,12.0.5383,"Aug 27, 2019"
40-0245,Trend Micro Apex One Security Agent,14.0.9390,"Mar 31, 2021"
40-0245,Trend Micro OfficeScan Agent,14.0.9390,"Aug 16, 2018"
40-0246,Trend Micro Apex One Security Agent,14.0.9390,"Aug 20, 2020"
40-0246,Trend Micro OfficeScan Agent,14.0.9390,"Sep 28, 2018"
40-0247,Trend Micro Apex One Security Agent,14.0.9324,"Jan 26, 2021"
40-0247,Trend Micro OfficeScan Agent,14.0.9324,"Aug 30, 2018"
40-0248,Trend Micro Apex One Security Agent,14.0.9390,"Mar 31, 2021"
40-0248,Trend Micro OfficeScan Agent,14.0.9390,"Sep 5, 2018"
40-0249,Trend Micro Apex One Security Agent,14.0.9390,"Mar 31, 2021"
40-0249,Trend Micro OfficeScan Agent,14.0.9390,"Sep 23, 2019"
40-0250,Trend Micro Apex One Security Agent,14.0.9390,"Mar 31, 2021"
40-0250,Trend Micro OfficeScan Agent,14.0.9390,"Oct 17, 2019"
40-0251,Trend Micro Apex One Security Agent,14.0.9390,"Jul 28, 2020"
40-0252,Trend Micro Apex One Security Agent,14.0.9324,"Feb 23, 2021"
40-0252,Trend Micro OfficeScan Agent,14.0.9324,"Nov 19, 2019"
40-0253,Trend Micro OfficeScan Agent,14.0.6526,"Oct 26, 2018"
40-0253,Trend Micro Apex One Security Agent,14.0.6526,"Feb 4, 2020"
40-0254,Trend Micro Apex One Security Agent,14.0.9390,"Dec 21, 2020"
40-0255,Trend Micro Apex One Security Agent,14.0.9390,"Mar 31, 2021"
40-0255,Trend Micro OfficeScan Agent,14.0.9390,"Nov 1, 2018"
40-0257,Trend Micro Apex One Security Agent,14.0.9390,"Feb 12, 2020"
40-0257,Trend Micro OfficeScan Agent,14.0.9390,"Oct 1, 2019"
40-0258,Trend Micro OfficeScan Agent,12.0.5431,"Jan 30, 2019"
40-0259,Trend Micro Apex One Security Agent,14.0.9390,"May 7, 2020"
40-0260,Trend Micro Apex One Security Agent,14.0.9390,"Jun 4, 2020"
40-0260,Trend Micro OfficeScan Agent,14.0.9390,"Jul 9, 2019"
40-0261,Trend Micro Apex One Security Agent,14.0.9390,"Mar 31, 2021"
40-0261,Trend Micro OfficeScan Agent,14.0.9390,"Oct 16, 2019"
40-0262,Trend Micro Apex One Security Agent,14.0.9390,"Mar 31, 2021"
40-0262,Trend Micro OfficeScan Agent,14.0.9390,"Feb 6, 2019"
40-0263,Trend Micro Apex One Security Agent,14.0.9390,"Mar 31, 2021"
40-0263,Trend Micro OfficeScan Agent,14.0.9390,"Oct 1, 2019"
40-0264,Trend Micro Apex One Security Agent,14.0.9390,"Mar 31, 2021"
40-0264,Trend Micro OfficeScan Agent,14.0.9390,"Oct 1, 2019"
40-0265,Trend Micro OfficeScan Agent,12.0.5383,"Jul 10, 2019"
40-0266,Trend Micro Apex One Security Agent,14.0.9390,"Jan 28, 2020"
40-0266,Trend Micro OfficeScan Agent,14.0.9390,"Sep 23, 2019"
40-0267,Trend Micro Apex One Security Agent,14.0.9390,"Mar 31, 2021"
40-0267,Trend Micro OfficeScan Agent,14.0.9390,"Feb 11, 2019"
40-0269,Trend Micro Apex One Security Agent,14.0.9390,"Feb 15, 2021"
40-0270,Trend Micro OfficeScan Agent,12.0.5383,"Jul 15, 2019"
40-0271,Trend Micro Apex One Security Agent,14.0.9390,"Jul 28, 2020"
40-0272,Trend Micro Apex One Security Agent,14.0.9390,"Aug 6, 2020"
40-0273,Trend Micro Apex One Security Agent,14.0.9390,"Feb 12, 2020"
40-0273,Trend Micro OfficeScan Agent,14.0.9390,"Oct 1, 2019"
40-0274,Trend Micro Apex One Security Agent,14.0.9390,"Jun 22, 2020"
40-0275,Trend Micro OfficeScan Agent,12.0.5383,"Jul 16, 2019"
40-0276,Trend Micro Apex One Security Agent,14.0.9233,"Dec 9, 2020"
40-0276,Trend Micro Security Agent,14.0.9233,"Mar 13, 2020"
40-0276,Trend Micro OfficeScan Agent,14.0.9233,"Oct 15, 2019"
40-0278,Trend Micro Apex One Security Agent,14.0.9390,"Feb 13, 2020"
40-0278,Trend Micro OfficeScan Agent,14.0.9390,"Oct 1, 2019"
40-0279,Trend Micro OfficeScan Agent,12.0.5294,"Apr 26, 2019"
40-0280,Trend Micro OfficeScan Agent,12.0.5294,"Jun 20, 2019"
40-0281,Trend Micro Apex One Security Agent,14.0.9390,"Mar 31, 2021"
40-0281,Trend Micro OfficeScan Agent,14.0.9390,"Oct 7, 2019"
40-0282,Trend Micro Apex One Security Agent,14.0.9324,"Feb 18, 2021"
40-0282,Trend Micro OfficeScan Agent,14.0.9324,"Oct 31, 2019"
40-0282,Trend Micro Security Agent,14.0.9324,"Mar 13, 2020"
40-0283,Trend Micro Apex One Security Agent,14.0.9390,"Jul 28, 2020"
40-0284,Trend Micro Apex One Security Agent,14.0.9390,"Mar 31, 2021"
40-0284,Trend Micro OfficeScan Agent,14.0.9390,"Oct 1, 2019"
40-0285,Trend Micro Apex One Security Agent,14.0.9390,"Feb 2, 2020"
40-0285,Trend Micro OfficeScan Agent,14.0.9390,"Oct 17, 2019"
40-0286,Trend Micro Apex One Security Agent,14.0.9390,"May 19, 2020"
40-0286,Trend Micro OfficeScan Agent,14.0.9390,"Oct 1, 2019"
40-0287,Trend Micro Apex One Security Agent,14.0.9390,"Jan 29, 2020"
40-0287,Trend Micro OfficeScan Agent,14.0.9390,"Oct 1, 2019"
40-0288,Trend Micro Apex One Security Agent,14.0.9043,"Oct 28, 2020"
40-0288,Trend Micro OfficeScan Agent,14.0.9043,"Sep 23, 2019"
40-0288,Trend Micro Security Agent,14.0.9043,"Feb 12, 2020"
40-0289,Trend Micro Apex One Security Agent,14.0.9390,"Mar 31, 2021"
40-0289,Trend Micro OfficeScan Agent,14.0.9390,"Nov 13, 2019"
40-0290,Trend Micro Apex One Security Agent,14.0.9390,"Jul 28, 2020"
40-0291,Trend Micro Apex One Security Agent,14.0.9390,"Oct 7, 2020"
40-0292,Trend Micro Apex One Security Agent,14.0.9390,"Mar 31, 2021"
40-0292,Trend Micro OfficeScan Agent,14.0.9390,"Oct 8, 2019"
40-0293,Trend Micro Apex One Security Agent,14.0.9390,"Feb 12, 2020"
40-0293,Trend Micro OfficeScan Agent,14.0.9390,"Oct 1, 2019"
40-0294,Trend Micro Apex One Security Agent,14.0.9390,"Mar 30, 2021"
40-0294,Trend Micro OfficeScan Agent,14.0.9390,"Oct 10, 2019"
40-0295,Trend Micro Apex One Security Agent,14.0.9390,"Mar 31, 2021"
40-0295,Trend Micro OfficeScan Agent,14.0.9390,"Oct 2, 2019"
40-0296,Trend Micro Apex One Security Agent,14.0.9390,"Feb 12, 2020"
40-0296,Trend Micro OfficeScan Agent,14.0.9390,"Oct 1, 2019"
40-0297,Trend Micro Apex One Security Agent,14.0.9390,"Mar 31, 2021"
40-0297,Trend Micro OfficeScan Agent,14.0.9390,"Oct 2, 2019"
40-0298,Trend Micro Apex One Security Agent,14.0.9390,"Mar 31, 2021"
40-0298,Trend Micro OfficeScan Agent,14.0.9390,"Sep 20, 2019"
40-0299,Trend Micro Apex One Security Agent,14.0.9390,"Feb 25, 2020"
40-0299,Trend Micro OfficeScan Agent,14.0.9390,"Sep 24, 2019"
40-0300,Trend Micro Apex One Security Agent,14.0.9390,"Mar 31, 2021"
40-0300,Trend Micro OfficeScan Agent,14.0.9390,"Sep 30, 2019"
40-0301,Trend Micro Apex One Security Agent,14.0.9390,"Jan 29, 2020"
40-0301,Trend Micro OfficeScan Agent,14.0.9390,"Oct 22, 2019"
40-0302,Trend Micro Apex One Security Agent,14.0.9390,"Mar 31, 2021"
40-0302,Trend Micro OfficeScan Agent,14.0.9390,"Oct 28, 2019"
40-0303,Trend Micro Apex One Security Agent,14.0.9390,"Mar 31, 2021"
40-0303,Trend Micro OfficeScan Agent,14.0.9390,"Oct 31, 2019"
40-0304,Trend Micro Apex One Security Agent,14.0.9324,"Jan 29, 2021"
40-0304,Trend Micro OfficeScan Agent,14.0.9324,"Nov 6, 2019"
40-0305,Trend Micro Apex One Security Agent,14.0.9390,"Mar 31, 2021"
40-0305,Trend Micro OfficeScan Agent,14.0.9390,"Nov 13, 2019"
40-0306,Trend Micro Apex One Security Agent,14.0.9390,"Mar 31, 2021"
40-0306,Trend Micro OfficeScan Agent,14.0.9390,"Nov 28, 2019"
40-0307,Trend Micro Apex One Security Agent,14.0.7867,"May 27, 2020"
40-0307,Trend Micro OfficeScan Agent,14.0.7867,"Dec 18, 2019"
40-0308,Trend Micro Apex One Security Agent,14.0.9324,"Feb 3, 2021"
40-0308,Trend Micro OfficeScan Agent,14.0.9324,"Dec 29, 2019"
40-0308,Trend Micro Security Agent,14.0.9324,"Feb 10, 2020"
40-0309,Trend Micro Apex One Security Agent,14.0.6850,"Mar 17, 2020"
40-0309,Trend Micro OfficeScan Agent,14.0.6850,"Dec 22, 2019"
40-0310,Trend Micro Apex One Security Agent,14.0.9390,"Feb 12, 2020"
40-0310,Trend Micro OfficeScan Agent,14.0.9390,"Dec 18, 2019"
40-0311,Trend Micro Apex One Security Agent,14.0.9324,"Feb 16, 2021"
40-0311,Trend Micro OfficeScan Agent,14.0.9324,"Dec 27, 2019"
40-0311,Trend Micro Security Agent,14.0.9324,"Jan 28, 2020"
40-0312,Trend Micro Apex One Security Agent,14.0.9390,"Mar 31, 2021"
40-0312,Trend Micro OfficeScan Agent,14.0.9390,"Jan 1, 2020"
40-0313,Trend Micro Apex One Security Agent,14.0.9390,"Feb 2, 2020"
40-0313,Trend Micro OfficeScan Agent,14.0.9390,"Jan 1, 2020"
40-0314,Trend Micro OfficeScan Agent,12.0.5431,"Jan 5, 2020"
40-0315,Trend Micro Apex One Security Agent,14.0.9324,"Feb 1, 2021"
40-0315,Trend Micro OfficeScan Agent,14.0.9324,"Jan 6, 2020"
40-0316,Trend Micro Apex One Security Agent,14.0.9390,"Apr 1, 2021"
40-0316,Trend Micro OfficeScan Agent,14.0.9390,"Jan 10, 2020"
40-0318,Trend Micro Apex One Security Agent,14.0.9390,"Feb 3, 2020"
40-0318,Trend Micro OfficeScan Agent,14.0.9390,"Jan 14, 2020"
40-0319,Trend Micro Apex One Security Agent,14.0.9390,"Jan 29, 2020"
40-0319,Trend Micro OfficeScan Agent,14.0.9390,"Jan 16, 2020"
40-0320,Trend Micro Apex One Security Agent,14.0.9390,"Mar 31, 2021"
40-0320,Trend Micro OfficeScan Agent,14.0.9390,"Jan 22, 2020"
40-0321,Trend Micro Apex One Security Agent,14.0.9324,"Feb 1, 2021"
40-0321,Trend Micro Security Agent,14.0.9324,"Jan 22, 2020"
40-0322,Trend Micro Apex One Security Agent,14.0.9390,"Nov 3, 2020"
40-0323,Trend Micro Apex One Security Agent,14.0.7313,"Mar 27, 2020"
40-0323,Trend Micro Security Agent,14.0.7313,"Jan 29, 2020"
40-0324,Trend Micro Apex One Security Agent,14.0.9390,"Jan 29, 2020"
40-0325,Trend Micro Apex One Security Agent,14.0.9390,"Jan 30, 2020"
40-0326,Trend Micro Apex One Security Agent,14.0.9390,"Feb 6, 2020"
40-0327,Trend Micro Apex One Security Agent,14.0.6850,"Feb 25, 2020"
40-0327,Trend Micro Security Agent,14.0.6850,"Feb 10, 2020"
40-0328,Trend Micro Apex One Security Agent,14.0.9390,"Mar 1, 2020"
40-0329,Trend Micro Apex One Security Agent,14.0.9324,"Feb 1, 2021"
40-0329,Trend Micro Security Agent,14.0.9324,"Mar 30, 2020"
40-0330,Trend Micro Apex One Security Agent,14.0.9390,"May 4, 2020"
40-0331,Trend Micro Apex One Security Agent,14.0.9390,"Jun 3, 2020"
40-0332,Trend Micro Apex One Security Agent,14.0.9390,"May 20, 2020"
40-0333,Trend Micro Apex One Security Agent,14.0.9390,"Aug 18, 2020"
40-0334,Trend Micro Apex One Security Agent,14.0.9390,"Aug 18, 2020"
40-0335,Trend Micro Apex One Security Agent,14.0.9390,"Oct 2, 2020"
40-0336,Trend Micro Apex One Security Agent,14.0.9390,"Oct 19, 2020"
40-0337,Trend Micro Apex One Security Agent,14.0.9390,"Nov 4, 2020"
40-0338,Trend Micro Apex One Security Agent,14.0.9390,"Oct 30, 2020"
40-0339,Trend Micro Apex One Security Agent,14.0.9390,"Mar 2, 2021"
40-0340,Trend Micro Apex One Security Agent,14.0.9390,"Nov 12, 2020"
40-0341,Trend Micro Apex One Security Agent,14.0.9390,"Nov 4, 2020"
40-0342,Trend Micro Apex One Security Agent,14.0.9390,"Nov 9, 2020"
40-0343,Trend Micro Apex One Security Agent,14.0.9390,"Nov 11, 2020"
40-0344,Trend Micro Apex One Security Agent,14.0.9390,"Nov 24, 2020"
40-0345,Trend Micro Apex One Security Agent,14.0.9324,"Dec 22, 2020"
40-0346,Trend Micro Apex One Security Agent,14.0.9390,"Dec 22, 2020"
40-0347,Trend Micro Apex One Security Agent,14.0.9390,"Dec 22, 2020"
40-0348,Trend Micro Apex One Security Agent,14.0.9390,"Feb 7, 2021"
40-0349,Trend Micro Apex One Security Agent,14.0.9390,"Feb 3, 2021"
40-0350,Trend Micro Apex One Security Agent,14.0.9390,"Feb 9, 2021"
40-0351,Trend Micro Apex One Security Agent,14.0.9324,"Feb 16, 2021"
46-0001,Trend Micro OfficeScan Agent,12.0.5431,"Jan 24, 2017"
46-0025,Trend Micro Apex One Security Agent,14.0.8755,"Aug 31, 2020"
46-0025,Trend Micro OfficeScan Agent,14.0.8755,"Mar 8, 2017"
46-0042,Trend Micro Apex One Security Agent,14.0.7867,"May 27, 2020"
46-0042,Trend Micro OfficeScan Agent,14.0.7867,"Feb 13, 2017"
46-0112,Trend Micro Apex One Security Agent,14.0.9390,"Mar 31, 2021"
46-0112,Trend Micro OfficeScan Agent,14.0.9390,"Feb 12, 2017"
46-0115,Trend Micro OfficeScan Agent,14.0.9233,"Apr 25, 2017"
46-0115,Trend Micro Apex One Security Agent,14.0.9233,"Dec 9, 2020"
46-0126,Trend Micro Apex One Security Agent,14.0.9390,"Jan 23, 2020"
46-0128,Trend Micro OfficeScan Agent,12.0.5383,"Jan 25, 2017"
46-0130,Trend Micro Apex One Security Agent,14.0.9390,"Apr 6, 2021"
46-0130,Trend Micro OfficeScan Agent,14.0.9390,"Dec 11, 2016"
46-0133,Trend Micro OfficeScan Agent,14.0.6850,"Mar 8, 2017"
46-0133,Trend Micro Apex One Security Agent,14.0.6850,"Feb 26, 2020"
46-0136,Trend Micro Apex One Security Agent,14.0.9390,"Feb 23, 2020"
46-0136,Trend Micro OfficeScan Agent,14.0.9390,"Oct 1, 2019"
46-0137,Trend Micro Apex One Security Agent,14.0.9390,"Mar 31, 2021"
46-0137,Trend Micro OfficeScan Agent,14.0.9390,"Jan 1, 2020"
46-0139,Trend Micro Apex One Security Agent,14.0.9390,"Mar 31, 2021"
46-0139,Trend Micro OfficeScan Agent,14.0.9390,"Mar 6, 2017"
46-0140,Trend Micro OfficeScan Agent,12.0.1222,"Jan 3, 2017"
46-0141,Trend Micro OfficeScan Agent,12.0.5400,"Sep 17, 2019"
46-0142,Trend Micro Apex One Security Agent,14.0.6850,"Feb 26, 2020"
46-0142,Trend Micro OfficeScan Agent,14.0.6850,"Dec 13, 2019"
46-0143,Trend Micro Apex One Security Agent,14.0.9390,"Mar 31, 2021"
46-0143,Trend Micro OfficeScan Agent,14.0.9390,"Feb 15, 2017"
46-0144,Trend Micro Apex One Security Agent,14.0.9390,"Jul 9, 2020"
46-0144,Trend Micro OfficeScan Agent,14.0.9390,"Sep 26, 2019"
46-0145,Trend Micro Apex One Security Agent,14.0.9390,"Mar 31, 2021"
46-0145,Trend Micro OfficeScan Agent,14.0.9390,"Jan 31, 2017"
46-0158,Trend Micro Apex One Security Agent,14.0.9390,"Mar 31, 2021"
46-0158,Trend Micro OfficeScan Agent,14.0.9390,"Mar 28, 2017"
46-0159,Trend Micro Apex One Security Agent,14.0.9390,"Feb 23, 2020"
46-0160,Trend Micro Apex One Security Agent,14.0.9390,"Jun 4, 2020"
46-0160,Trend Micro OfficeScan Agent,14.0.9390,"Feb 11, 2019"
46-0161,Trend Micro Apex One Security Agent,14.0.9390,"Apr 28, 2020"
46-0161,Trend Micro OfficeScan Agent,14.0.9390,"Sep 23, 2019"
46-0172,Trend Micro Apex One Security Agent,14.0.9390,"May 5, 2020"
46-0173,Trend Micro Apex One Security Agent,14.0.9390,"Feb 13, 2020"
46-0173,Trend Micro OfficeScan Agent,14.0.9390,"Sep 26, 2019"
46-0176,Trend Micro Apex One Security Agent,14.0.9043,"Oct 29, 2020"
46-0176,Trend Micro Security Agent,14.0.9043,"Oct 29, 2020"
46-0176,Trend Micro OfficeScan Agent,14.0.9043,"Sep 24, 2019"
46-0177,Trend Micro OfficeScan Agent,12.0.5383,"Aug 16, 2019"
46-0178,Trend Micro OfficeScan Agent,12.0.5383,"Aug 16, 2019"
46-0179,Trend Micro Apex One Security Agent,14.0.9390,"Feb 2, 2020"
46-0179,Trend Micro OfficeScan Agent,14.0.9390,"Jan 14, 2020"
46-0180,Trend Micro Apex One Security Agent,14.0.8755,"Aug 26, 2020"
46-0180,Trend Micro Security Agent,14.0.8755,"Mar 4, 2020"
46-0180,Trend Micro OfficeScan Agent,14.0.8755,"Nov 17, 2019"
46-0181,Trend Micro Apex One Security Agent,14.0.9390,"Jul 30, 2020"
46-0181,Trend Micro OfficeScan Agent,14.0.9390,"Jul 17, 2019"
46-0182,Trend Micro Apex One Security Agent,14.0.9390,"Jan 28, 2020"
46-0182,Trend Micro OfficeScan Agent,14.0.9390,"Oct 5, 2019"
46-0184,Trend Micro Apex One Security Agent,14.0.9324,"Feb 15, 2021"
46-0184,Trend Micro OfficeScan Agent,14.0.9324,"Oct 17, 2019"
46-0184,Trend Micro Security Agent,14.0.9324,"Mar 12, 2020"
46-0185,Trend Micro Apex One Security Agent,14.0.9324,"Feb 3, 2021"
46-0185,Trend Micro Security Agent,14.0.9324,"Mar 12, 2020"
46-0185,Trend Micro OfficeScan Agent,14.0.9324,"Jan 19, 2020"
46-0186,Trend Micro Apex One Security Agent,14.0.9390,"Jan 31, 2020"
46-0186,Trend Micro OfficeScan Agent,14.0.9390,"Sep 23, 2019"
46-0188,Trend Micro Apex One Security Agent,14.0.9390,"Apr 3, 2020"
46-0188,Trend Micro OfficeScan Agent,14.0.9390,"Oct 9, 2019"
46-0189,Trend Micro Apex One Security Agent,14.0.9390,"Mar 11, 2021"
46-0189,Trend Micro OfficeScan Agent,14.0.9390,"Aug 2, 2019"
46-0191,Trend Micro Apex One Security Agent,14.0.9043,"Nov 10, 2020"
46-0191,Trend Micro Security Agent,14.0.9043,"Feb 13, 2020"
46-0191,Trend Micro OfficeScan Agent,14.0.9043,"Oct 1, 2019"
46-0192,Trend Micro Apex One Security Agent,14.0.9233,"Dec 9, 2020"
46-0192,Trend Micro Security Agent,14.0.9233,"Mar 9, 2020"
46-0192,Trend Micro OfficeScan Agent,14.0.9233,"Oct 17, 2019"
46-0193,Trend Micro Apex One Security Agent,14.0.9324,"Jan 27, 2021"
46-0193,Trend Micro OfficeScan Agent,14.0.9324,"Sep 30, 2019"
46-0193,Trend Micro Security Agent,14.0.9324,"Feb 18, 2020"
46-0194,Trend Micro Apex One Security Agent,14.0.9324,"Mar 1, 2021"
46-0194,Trend Micro OfficeScan Agent,14.0.9324,"Sep 24, 2019"
46-0194,Trend Micro Security Agent,14.0.9324,"Feb 3, 2020"
46-0195,Trend Micro Apex One Security Agent,14.0.9390,"Mar 2, 2020"
46-0195,Trend Micro OfficeScan Agent,14.0.9390,"Oct 15, 2019"
46-0196,Trend Micro Apex One Security Agent,14.0.9390,"Feb 17, 2020"
46-0196,Trend Micro OfficeScan Agent,14.0.9390,"Oct 1, 2019"
46-0197,Trend Micro Apex One Security Agent,14.0.9390,"May 25, 2020"
46-0197,Trend Micro OfficeScan Agent,14.0.9390,"Oct 4, 2019"
46-0198,Trend Micro Apex One Security Agent,14.0.9390,"Jan 26, 2020"
46-0198,Trend Micro OfficeScan Agent,14.0.9390,"Oct 3, 2019"
46-0199,Trend Micro Apex One Security Agent,14.0.9390,"Feb 2, 2020"
46-0199,Trend Micro OfficeScan Agent,14.0.9390,"Sep 23, 2019"
46-0200,Trend Micro Apex One Security Agent,14.0.9390,"Apr 2, 2020"
46-0200,Trend Micro OfficeScan Agent,14.0.9390,"Sep 23, 2019"
46-0201,Trend Micro Apex One Security Agent,14.0.9390,"Feb 19, 2020"
46-0201,Trend Micro OfficeScan Agent,14.0.9390,"Oct 24, 2019"
46-0202,Trend Micro Apex One Security Agent,14.0.9390,"May 28, 2020"
46-0202,Trend Micro OfficeScan Agent,14.0.9390,"Nov 11, 2019"
46-0203,Trend Micro Apex One Security Agent,14.0.7313,"Mar 25, 2020"
46-0203,Trend Micro OfficeScan Agent,14.0.7313,"Oct 8, 2019"
46-0203,Trend Micro Security Agent,14.0.7313,"Feb 12, 2020"
46-0204,Trend Micro Apex One Security Agent,14.0.9390,"Jul 17, 2020"
46-0205,Trend Micro Apex One Security Agent,14.0.9390,"Apr 7, 2021"
46-0205,Trend Micro OfficeScan Agent,14.0.9390,"Oct 23, 2019"
46-0206,Trend Micro Apex One Security Agent,14.0.9390,"Feb 2, 2020"
46-0206,Trend Micro OfficeScan Agent,14.0.9390,"Sep 27, 2019"
46-0207,Trend Micro Apex One Security Agent,14.0.9390,"Feb 23, 2020"
46-0207,Trend Micro OfficeScan Agent,14.0.9390,"Sep 26, 2019"
46-0208,Trend Micro OfficeScan Agent,14.0.9390,"Sep 24, 2019"
46-0208,Trend Micro Apex One Security Agent,14.0.9390,"Mar 9, 2020"
46-0209,Trend Micro Apex One Security Agent,14.0.9390,"Feb 17, 2020"
46-0209,Trend Micro OfficeScan Agent,14.0.9390,"Oct 1, 2019"
46-0210,Trend Micro Apex One Security Agent,14.0.9390,"May 20, 2020"
46-0210,Trend Micro OfficeScan Agent,14.0.9390,"Oct 3, 2019"
46-0211,Trend Micro Apex One Security Agent,14.0.9390,"Feb 4, 2020"
46-0211,Trend Micro OfficeScan Agent,14.0.9390,"Oct 9, 2019"
46-0212,Trend Micro Apex One Security Agent,14.0.9324,"Feb 5, 2021"
46-0212,Trend Micro OfficeScan Agent,14.0.9324,"Oct 9, 2019"
46-0212,Trend Micro Security Agent,14.0.9324,"Feb 8, 2020"
46-0213,Trend Micro Apex One Security Agent,14.0.8944,"Oct 22, 2020"
46-0213,Trend Micro Security Agent,14.0.8944,"Feb 17, 2020"
46-0213,Trend Micro OfficeScan Agent,14.0.8944,"Oct 9, 2019"
46-0214,Trend Micro Security Agent,14.0.7313,"Mar 13, 2020"
46-0214,Trend Micro Apex One Security Agent,14.0.7313,"Apr 21, 2020"
46-0214,Trend Micro OfficeScan Agent,14.0.7313,"Oct 9, 2019"
46-0215,Trend Micro Apex One Security Agent,14.0.9390,"Mar 18, 2020"
46-0215,Trend Micro OfficeScan Agent,14.0.9390,"Dec 18, 2019"
46-0216,Trend Micro Apex One Security Agent,14.0.9390,"Jul 21, 2020"
46-0216,Trend Micro OfficeScan Agent,14.0.9390,"Jan 6, 2020"
46-0217,Trend Micro Apex One Security Agent,14.0.9390,"May 21, 2020"
46-0217,Trend Micro OfficeScan Agent,14.0.9390,"Jan 6, 2020"
46-0218,Trend Micro Apex One Security Agent,14.0.9390,"May 11, 2020"
46-0218,Trend Micro OfficeScan Agent,14.0.9390,"Jan 5, 2020"
46-0219,Trend Micro Apex One Security Agent,14.0.9390,"Apr 15, 2020"
46-0219,Trend Micro OfficeScan Agent,14.0.9390,"Jan 6, 2020"
46-0220,Trend Micro Apex One Security Agent,14.0.8515,"Jul 16, 2020"
46-0220,Trend Micro OfficeScan Agent,14.0.8515,"Jan 6, 2020"
46-0220,Trend Micro Security Agent,14.0.8515,"Feb 11, 2020"
46-0221,Trend Micro Apex One Security Agent,14.0.9324,"Jan 27, 2021"
46-0221,Trend Micro OfficeScan Agent,14.0.9324,"Jan 6, 2020"
46-0221,Trend Micro Security Agent,14.0.9324,"Feb 3, 2020"
46-0222,Trend Micro Apex One Security Agent,14.0.9390,"Mar 31, 2021"
46-0222,Trend Micro OfficeScan Agent,14.0.9390,"Jan 6, 2020"
46-0223,Trend Micro Apex One Security Agent,14.0.9390,"Apr 22, 2020"
46-0223,Trend Micro OfficeScan Agent,14.0.9390,"Jan 6, 2020"
46-0224,Trend Micro Apex One Security Agent,14.0.9390,"Jun 1, 2020"
46-0224,Trend Micro OfficeScan Agent,14.0.9390,"Jan 6, 2020"
46-0225,Trend Micro Apex One Security Agent,14.0.9390,"Jan 11, 2021"
5520-XXXX,Trend Micro Apex One Security Agent,14.0.9324,"Jan 29, 2021"
98-0043,Trend Micro Apex One Security Agent,14.0.9043,"Oct 27, 2020"
98-0043,Trend Micro OfficeScan Agent,14.0.9043,"Dec 5, 2018"
98-0044,Trend Micro OfficeScan Agent,12.0.5431,"Feb 9, 2017"
98-0050,Trend Micro OfficeScan Agent,12.0.5422,"Apr 20, 2017"
98-0052,Trend Micro Apex One Security Agent,14.0.7867,"May 27, 2020"
98-0052,Trend Micro OfficeScan Agent,14.0.7867,"Jul 3, 2017"
98-0054,Trend Micro Apex One Security Agent,14.0.9244,"Dec 17, 2020"
98-0054,Trend Micro OfficeScan Agent,14.0.9244,"Sep 18, 2017"
98-0057,Trend Micro Apex One Security Agent,14.0.9390,"Feb 18, 2020"
98-0057,Trend Micro OfficeScan Agent,14.0.9390,"Oct 21, 2019"
98-0058,Trend Micro Apex One Security Agent,14.0.8944,"Sep 23, 2020"
98-0058,Trend Micro OfficeScan Agent,14.0.8944,"Jan 24, 2018"
98-0060,Trend Micro Apex One Security Agent,14.0.9390,"Mar 31, 2021"
98-0060,Trend Micro OfficeScan Agent,14.0.9390,"Oct 31, 2018"
98-0064,Trend Micro Apex One Security Agent,14.0.9390,"Mar 31, 2021"
98-0064,Trend Micro OfficeScan Agent,14.0.9390,"Feb 4, 2019"
98-0065,Trend Micro Apex One Security Agent,14.0.9390,"Feb 2, 2020"
98-0065,Trend Micro OfficeScan Agent,14.0.9390,"Nov 19, 2019"
98-0066,Trend Micro Apex One Security Agent,14.0.9390,"Mar 31, 2021"
98-0066,Trend Micro OfficeScan Agent,14.0.9390,"Oct 15, 2019"
98-0067,Trend Micro OfficeScan Agent,12.0.5383,"Aug 13, 2019"
98-0068,Trend Micro Apex One Security Agent,14.0.7867,"May 28, 2020"
98-0068,Trend Micro OfficeScan Agent,14.0.7867,"Dec 15, 2019"
98-0069,Trend Micro OfficeScan Agent,14.0.9390,"Oct 28, 2019"
98-0069,Trend Micro Apex One Security Agent,14.0.9390,"Feb 4, 2020"
98-0070,Trend Micro Apex One Security Agent,14.0.9390,"Mar 31, 2021"
98-0070,Trend Micro OfficeScan Agent,14.0.9390,"Nov 25, 2019"
98-0072,Trend Micro Apex One Security Agent,14.0.9390,"Mar 31, 2021"
98-0072,Trend Micro OfficeScan Agent,14.0.9390,"Dec 6, 2019"
98-0073,Trend Micro Apex One Security Agent,14.0.9390,"Mar 1, 2020"
98-0073,Trend Micro OfficeScan Agent,14.0.9390,"Dec 18, 2019"
98-0074,Trend Micro Apex One Security Agent,14.0.9390,"Nov 10, 2020"
98-0075,Trend Micro Apex One Security Agent,14.0.9244,"Dec 17, 2020"
98-0075,Trend Micro Security Agent,14.0.9244,"May 20, 2020"
98-0076,Trend Micro Apex One Security Agent,14.0.9390,"May 28, 2020"
98-0077,Trend Micro Apex One Security Agent,14.0.9324,"Feb 12, 2021"
98-0077,Trend Micro Security Agent,14.0.9324,"May 28, 2020"
98-0078,Trend Micro Apex One Security Agent,14.0.9390,"Jul 22, 2020"
98-0079,Trend Micro Apex One Security Agent,14.0.9390,"Feb 9, 2021"
98-0130,Trend Micro Apex One Security Agent,14.0.9390,"Nov 4, 2020"
98-0131,Trend Micro Apex One Security Agent,14.0.9390,"Dec 16, 2020"
98-0133,Trend Micro Apex One Security Agent,14.0.9390,"Feb 3, 2021"
CV-01,Trend Micro Apex One Security Agent,14.0.9390,"Mar 13, 2020"
CV-02,Trend Micro Apex One Security Agent,14.0.9390,"Mar 13, 2020"
CV-04,Trend Micro Apex One Security Agent,14.0.9324,"Mar 16, 2021"
CV-04,Trend Micro Security Agent,14.0.9324,"Mar 13, 2020"
CV-05,Trend Micro Apex One Security Agent,14.0.9043,"Oct 28, 2020"
CV-05,Trend Micro Security Agent,14.0.9043,"Mar 17, 2020"
CV-06,Trend Micro Apex One Security Agent,14.0.8944,"Oct 19, 2020"
CV-06,Trend Micro Security Agent,14.0.8944,"Mar 13, 2020"
CV-07,Trend Micro Apex One Security Agent,14.0.9390,"Mar 13, 2020"
CV-08,Trend Micro Apex One Security Agent,14.0.9390,"Mar 13, 2020"
CV-09,Trend Micro Apex One Security Agent,14.0.9390,"Mar 16, 2020"
CV-10,Trend Micro Security Agent,14.0.6091,"Mar 16, 2020"
CV-11,Trend Micro Apex One Security Agent,14.0.9390,"Mar 13, 2020"
CV-12,Trend Micro Apex One Security Agent,14.0.9390,"Mar 13, 2020"
CV-13,Trend Micro Apex One Security Agent,14.0.8944,"Sep 23, 2020"
CV-13,Trend Micro Security Agent,14.0.8944,"Mar 14, 2020"
CV-14,Trend Micro Apex One Security Agent,14.0.9390,"Mar 16, 2020"
CV-15,Trend Micro Security Agent,14.0.9233,"Mar 19, 2020"
CV-15,Trend Micro Apex One Security Agent,14.0.9233,"Dec 9, 2020"
CV-16,Trend Micro Apex One Security Agent,14.0.9390,"Mar 16, 2020"
CV-17,Trend Micro Apex One Security Agent,14.0.9043,"Oct 28, 2020"
CV-17,Trend Micro Security Agent,14.0.9043,"Mar 16, 2020"
CV-18,Trend Micro Apex One Security Agent,14.0.9233,"Dec 9, 2020"
CV-18,Trend Micro Security Agent,14.0.9233,"Mar 16, 2020"
CV-19,Trend Micro Apex One Security Agent,14.0.8515,"Jul 15, 2020"
CV-19,Trend Micro Security Agent,14.0.8515,"Mar 16, 2020"
CV-20,Trend Micro Apex One Security Agent,14.0.9390,"Mar 16, 2020"
CV-21,Trend Micro Apex One Security Agent,14.0.9390,"Mar 16, 2020"
CV-22,Trend Micro Apex One Security Agent,14.0.8944,"Sep 28, 2020"
CV-22,Trend Micro Security Agent,14.0.8944,"Mar 17, 2020"
DESKTOP-J1Q99NV,Trend Micro Apex One Security Agent,14.0.8736,"Mar 4, 2021"
NLPTP1,Trend Micro Apex One Security Agent,14.0.9390,"Nov 13, 2018"
PCIAD100,Trend Micro Deep Security Agent,9.6.8904,"Aug 26, 2019"
PCIBOJD1,Trend Micro Deep Security Agent,9.6.8904,"Aug 26, 2019"
PCIPORD1,Trend Micro Deep Security Agent,9.6.8904,"Aug 26, 2019"
PESCA01,Trend Micro Apex One Security Agent,14.0.9390,"Jun 3, 2020"
PESCA102,Trend Micro OfficeScan Agent,12.0.5383,"Aug 22, 2019"
PESCA106,Trend Micro Apex One Security Agent,14.0.8755,"Aug 26, 2020"
PESCA106,Trend Micro OfficeScan Agent,14.0.8755,"Feb 8, 2017"
PESCA112,Trend Micro Apex One Security Agent,14.0.9390,"Mar 31, 2021"
PESCA112,Trend Micro OfficeScan Agent,14.0.9390,"Jan 23, 2017"
PESCA116,Trend Micro Apex One Security Agent,14.0.9390,"Mar 31, 2021"
PESCA116,Trend Micro OfficeScan Agent,14.0.9390,"Feb 6, 2017"
PESCA119,Trend Micro Apex One Security Agent,14.0.7867,"May 28, 2020"
PESCA119,Trend Micro OfficeScan Agent,14.0.7867,"Feb 15, 2017"
PESCA120,Trend Micro OfficeScan Agent,12.0.5294,"Apr 26, 2019"
PESCA121,Trend Micro Apex One Security Agent,14.0.9390,"Oct 20, 2020"
PESCA122,Trend Micro OfficeScan Agent,12.0.5431,"Mar 9, 2017"
PESCA123,Trend Micro OfficeScan Agent,12.0.5431,"Oct 2, 2019"
PESCA124,Trend Micro Apex One Security Agent,14.0.9390,"Sep 23, 2020"
PESCA132,Trend Micro Apex One Security Agent,14.0.9390,"Feb 15, 2021"
PESCA133,Trend Micro Apex One Security Agent,14.0.9390,"Mar 31, 2021"
PESCA133,Trend Micro OfficeScan Agent,14.0.9390,"Dec 21, 2017"
PESCA135,Trend Micro Apex One Security Agent,14.0.7867,"May 28, 2020"
PESCA135,Trend Micro Security Agent,14.0.7867,"Feb 11, 2020"
PESCA138,Trend Micro Apex One Security Agent,14.0.7313,"Mar 25, 2020"
PESCA138,Trend Micro OfficeScan Agent,14.0.7313,"Mar 6, 2018"
PESCA139,Trend Micro Apex One Security Agent,14.0.8755,"Aug 26, 2020"
PESCA139,Trend Micro OfficeScan Agent,14.0.8755,"Mar 5, 2018"
PESCA140,Trend Micro Apex One Security Agent,14.0.9390,"Jan 27, 2020"
PESCA142,Trend Micro Apex One Security Agent,14.0.9390,"Apr 6, 2021"
PESCA142,Trend Micro OfficeScan Agent,14.0.9390,"Mar 23, 2018"
PESCA144,Trend Micro Apex One Security Agent,14.0.9390,"Mar 31, 2021"
PESCA144,Trend Micro OfficeScan Agent,14.0.9390,"Apr 13, 2018"
PESCA145,Trend Micro Apex One Security Agent,14.0.7867,"May 27, 2020"
PESCA145,Trend Micro OfficeScan Agent,14.0.7867,"Dec 10, 2019"
PESCA145,Trend Micro Security Agent,14.0.7867,"Feb 12, 2020"
PESCA147,Trend Micro Apex One Security Agent,14.0.6526,"Jan 27, 2020"
PESCA147,Trend Micro OfficeScan Agent,14.0.6526,"May 17, 2018"
PESCA148,Trend Micro Apex One Security Agent,14.0.9324,"Feb 2, 2021"
PESCA148,Trend Micro OfficeScan Agent,14.0.9324,"Nov 4, 2019"
PESCA148,Trend Micro Security Agent,14.0.9324,"Feb 3, 2020"
PESCA150,Trend Micro Apex One Security Agent,14.0.9390,"May 7, 2020"
PESCA151,Trend Micro Apex One Security Agent,14.0.9390,"Mar 31, 2021"
PESCA151,Trend Micro OfficeScan Agent,14.0.9390,"Sep 18, 2019"
PESCA163,Trend Micro OfficeScan Agent,12.0.5431,"Nov 13, 2019"
PESCA165,Trend Micro OfficeScan Agent,12.0.5383,"Jul 23, 2019"
PESCA166,Trend Micro Apex One Security Agent,14.0.9390,"Mar 31, 2021"
PESCA166,Trend Micro OfficeScan Agent,14.0.9390,"Oct 7, 2019"
PESCA168,Trend Micro OfficeScan Agent,12.0.5294,"Apr 26, 2019"
PESCA169,Trend Micro Apex One Security Agent,14.0.9244,"Dec 23, 2020"
PESCA169,Trend Micro Security Agent,14.0.9244,"Mar 26, 2020"
QST10-Corel,Trend Micro Apex One Security Agent,14.0.9390,"Feb 10, 2019"
QSTADMIN01,Trend Micro Apex One Security Agent,14.0.9390,"Mar 23, 2019"
QST-DSK-990067,Trend Micro Apex One Security Agent,14.0.9390,"Dec 8, 2019"
QST-DSK-990072,Trend Micro Apex One Security Agent,14.0.9390,"Feb 9, 2020"
QST-LAP-021817,Trend Micro Apex One Security Agent,14.0.9390,"Oct 8, 2020"
QST-LAP-021826,Trend Micro Apex One Security Agent,14.0.9390,"Jan 7, 2021"
QST-LAP-021828,Trend Micro Apex One Security Agent,14.0.9390,"Feb 7, 2019"
QST-LAP-021830,Trend Micro Apex One Security Agent,14.0.9390,"Mar 31, 2021"
QST-LAP-021830,Trend Micro OfficeScan Agent,14.0.9390,"Oct 26, 2018"
QST-LAP-021842,Trend Micro Apex One Security Agent,14.0.8755,"Mar 7, 2021"
QST-LAP-400184,Trend Micro Apex One Security Agent,14.0.9324,"Feb 10, 2021"
QST-LAP-400185,Trend Micro Apex One Security Agent,14.0.9390,"Feb 9, 2021"
QST-LAP-400211,Trend Micro Apex One Security Agent,14.0.9390,"Oct 28, 2020"
QST-LAP-400213,Trend Micro Apex One Security Agent,14.0.9324,"Oct 28, 2020"
QST-LAP-400214,Trend Micro Apex One Security Agent,14.0.9390,"Oct 28, 2020"
QST-LAP-400230,Trend Micro Apex One Security Agent,14.0.9390,"Feb 9, 2021"
QST-LAP-990027,Trend Micro Apex One Security Agent,14.0.9324,"Feb 10, 2021"
QST-LAP-990063,Trend Micro Apex One Security Agent,14.0.9390,"Feb 9, 2021"
QST-LAP-990080,Trend Micro Apex One Security Agent,14.0.9390,"Feb 18, 2020"
QST-LAP-990085,Trend Micro Apex One Security Agent,14.0.9390,"Jun 12, 2020"
QST-LAP-990102,Trend Micro Apex One Security Agent,14.0.9390,"Oct 28, 2020"
QST-LAP-990103,Trend Micro Apex One Security Agent,14.0.9390,"Mar 3, 2021"
QST-LAP-990111,Trend Micro Apex One Security Agent,14.0.9390,"Oct 28, 2020"
QST-LAP-990120,Trend Micro Apex One Security Agent,14.0.9390,"Jan 7, 2021"
QST-LAP-990121,Trend Micro Apex One Security Agent,14.0.9324,"Jan 7, 2021"
QST-LAP-990122,Trend Micro Apex One Security Agent,14.0.9390,"Jan 7, 2021"
QST-LAP-990123,Trend Micro Apex One Security Agent,14.0.9390,"Jan 7, 2021"
QST-LAP-990124,Trend Micro Apex One Security Agent,14.0.9390,"Jan 7, 2021"
QST-LAP-990131,Trend Micro Apex One Security Agent,14.0.9390,"Jan 7, 2021"
T16WEBT1,Trend Micro Deep Security Agent,9.6.8288,"Aug 16, 2018"
T16WEBT2,Trend Micro Deep Security Agent,9.6.8288,"Aug 16, 2018"
T8ADSP1,Trend Micro Deep Security Agent,20.0.1681,"Jan 17, 2021"
T8APPP1,Trend Micro Deep Security Agent,20.0.1681,"Jan 18, 2021"
T8APPP2,Trend Micro Deep Security Agent,20.0.1681,"Jan 17, 2021"
T8BRZP1,Trend Micro Deep Security Agent,20.0.1681,"Jan 17, 2021"
T8COND1,Trend Micro Deep Security Agent,11.0.871,"Aug 26, 2019"
T8EPOP1,Trend Micro Deep Security Agent,11.0.439,"Nov 10, 2018"
T8FILP1,Trend Micro Deep Security Agent,20.0.877,"Sep 20, 2020"
T8MDCP1,Trend Micro Deep Security Agent,20.0.1681,"Jan 17, 2021"
T8XAPD2,Trend Micro Deep Security Agent,9.6.7888,"Jun 13, 2017"
T8XSWP1,Trend Micro Deep Security Agent,11.0.439,"Nov 10, 2018"
TMSQLP1,Trend Micro Deep Security Agent,20.0.1681,"Jan 17, 2021"
W7TELECOM,Trend Micro Apex One Security Agent,14.0.9244,"Dec 16, 2020"
W7TELECOM,Trend Micro OfficeScan Agent,14.0.9244,"Jan 18, 2017"
WIN10-63,Trend Micro Apex One Security Agent,14.0.9244,"Dec 21, 2020"
